File Name,Word,predicted
0421.wav,hylle,4
7213.wav,hylle,5
5617.wav,hylle,5
4179.wav,hylle,3
0270.wav,hylle,4
5732.wav,hylle,3
9953.wav,hylle,3
0031.wav,hylle,3
4092.wav,artist,3
2595.wav,artist,5
1728.wav,artist,4
9452.wav,artist,3
2373.wav,artist,5
3645.wav,artist,4
9651.wav,artist,5
4452.wav,artist,4
4322.wav,kart,5
8280.wav,kart,4
3812.wav,kart,4
0232.wav,kart,4
8063.wav,kart,3
0167.wav,kart,4
0272.wav,kart,3
6813.wav,kart,5
3871.wav,syr,4
1749.wav,syr,4
4032.wav,syr,3
3394.wav,syr,3
5718.wav,jern,4
5325.wav,jern,4
2216.wav,jern,4
7385.wav,jern,4
6231.wav,jern,5
4071.wav,jern,5
7281.wav,jern,5
6538.wav,jern,3
7819.wav,lytte,3
8045.wav,lytte,4
6582.wav,lytte,3
2250.wav,lytte,5
1012.wav,lytte,4
6347.wav,lytte,4
7800.wav,lytte,5
4651.wav,lytte,5
1817.wav,barn,5
8091.wav,barn,4
0441.wav,barn,4
9054.wav,barn,4
9808.wav,barn,4
6838.wav,barn,4
0755.wav,barn,4
0316.wav,barn,5
2146.wav,lun,3
4781.wav,lun,3
2090.wav,lun,4
6935.wav,lun,3
7066.wav,enhjoerning,3
9412.wav,enhjoerning,4
8792.wav,enhjoerning,5
1460.wav,enhjoerning,5
4257.wav,enhjoerning,4
8335.wav,enhjoerning,4
7118.wav,enhjoerning,3
0871.wav,enhjoerning,4
2236.wav,glass,4
1483.wav,glass,4
6005.wav,glass,5
2387.wav,glass,4
0245.wav,glass,4
8488.wav,glass,5
5722.wav,glass,5
0079.wav,glass,3
6217.wav,bra,3
2993.wav,bra,4
6189.wav,bra,4
7631.wav,bra,4
8837.wav,syl,4
4678.wav,syl,5
3224.wav,syl,3
3755.wav,syl,4
0312.wav,loepe,3
2284.wav,loepe,4
4941.wav,loepe,4
4423.wav,loepe,4
4331.wav,loepe,3
4512.wav,loepe,5
8263.wav,loepe,4
3575.wav,rund,3
6672.wav,rund,3
4915.wav,rund,5
1007.wav,rund,5
3300.wav,rund,4
8192.wav,rund,4
6109.wav,rund,4
1418.wav,bror,3
1034.wav,bror,3
6086.wav,bror,5
6976.wav,bror,5
3750.wav,bror,3
7231.wav,bror,4
8765.wav,bror,4
8097.wav,bror,3
7911.wav,kvern,4
8764.wav,kvern,4
9681.wav,kvern,4
9503.wav,kvern,4
1406.wav,kvern,5
4266.wav,kvern,5
6881.wav,kvern,4
8312.wav,huske,4
8996.wav,huske,5
7845.wav,huske,5
8041.wav,huske,5
9288.wav,huske,5
6283.wav,huske,3
6661.wav,huske,3
6124.wav,huske,5
2442.wav,trikk,3
8006.wav,trikk,4
3624.wav,trikk,4
2681.wav,trikk,3
5946.wav,taer,4
0348.wav,taer,3
4059.wav,taer,4
6790.wav,taer,3
7058.wav,sykkel,5
2096.wav,sykkel,3
0534.wav,sykkel,5
7417.wav,sykkel,4
7456.wav,sykkel,5
6149.wav,sykkel,3
1829.wav,sykkel,3
8428.wav,sykkel,5
3166.wav,koffert,5
7020.wav,koffert,4
5067.wav,koffert,3
9414.wav,koffert,4
0249.wav,koffert,3
4404.wav,koffert,5
0671.wav,koffert,5
7040.wav,tralle,5
1939.wav,tralle,3
9694.wav,tralle,4
2167.wav,tralle,4
2195.wav,tralle,3
8515.wav,tralle,5
8470.wav,tralle,5
2329.wav,tralle,4
2872.wav,bleie,4
3953.wav,bleie,3
7172.wav,bleie,4
9330.wav,bleie,4
4780.wav,bleie,5
6921.wav,bleie,5
9079.wav,bleie,4
1860.wav,bleie,5
1955.wav,sjoe,5
6952.wav,sjoe,5
8246.wav,sjoe,4
1959.wav,sjoe,4
1445.wav,sjoe,5
6986.wav,sjoe,5
5505.wav,sjoe,5
0907.wav,sjoe,5
0732.wav,svare,4
7956.wav,svare,3
3238.wav,svare,4
8391.wav,svare,4
5627.wav,ugle,5
9423.wav,ugle,4
4842.wav,ugle,4
1623.wav,ugle,4
3661.wav,ugle,4
1093.wav,ugle,4
3702.wav,ugle,5
0410.wav,dykke,3
3415.wav,dykke,3
9611.wav,dykke,3
4704.wav,dykke,4
8288.wav,dykke,5
3178.wav,dykke,4
9485.wav,dykke,5
9695.wav,dykke,5
2123.wav,drops,3
6479.wav,drops,4
7853.wav,drops,3
4965.wav,drops,4
5782.wav,drops,5
8892.wav,drops,5
0710.wav,drops,5
5388.wav,drops,5
7026.wav,flagg,4
3635.wav,flagg,4
6643.wav,flagg,4
4766.wav,flagg,5
5045.wav,flagg,4
6037.wav,flagg,5
9939.wav,flagg,4
3384.wav,sjakk,5
1159.wav,sjakk,3
5171.wav,sjakk,5
3284.wav,sjakk,5
1566.wav,sjakk,3
3437.wav,sjakk,3
5275.wav,sjakk,4
1761.wav,skjorte,4
6974.wav,skjorte,3
4790.wav,skjorte,5
7967.wav,skjorte,4
8664.wav,skjorte,3
0934.wav,skjorte,5
3282.wav,skjorte,4
8054.wav,stjerne,3
3107.wav,stjerne,4
3756.wav,stjerne,5
1999.wav,stjerne,4
4057.wav,stjerne,4
4539.wav,stjerne,4
9490.wav,stjerne,4
9827.wav,stjerne,5
3326.wav,mur,4
4397.wav,mur,4
2634.wav,mur,3
5868.wav,mur,4
3250.wav,oern,4
8347.wav,oern,4
8740.wav,oern,5
6555.wav,oern,5
6603.wav,oern,4
7428.wav,oern,4
9384.wav,oern,4
1904.wav,oern,4
9149.wav,dyne,5
7392.wav,dyne,4
8207.wav,dyne,3
4367.wav,dyne,5
4268.wav,dyne,5
8007.wav,dyne,5
5341.wav,dyne,3
1482.wav,dyne,4
6155.wav,skive,4
4837.wav,skive,5
2071.wav,skive,4
2895.wav,skive,5
1176.wav,skive,4
1248.wav,skive,3
3050.wav,skive,4
3802.wav,skive,4
9639.wav,frukt,5
9109.wav,frukt,5
1917.wav,frukt,4
8611.wav,frukt,4
4574.wav,frukt,5
6782.wav,frukt,4
4567.wav,frukt,4
0514.wav,frukt,4
0931.wav,skinke,4
9896.wav,skinke,4
7651.wav,skinke,3
7703.wav,skinke,4
2011.wav,skinke,5
4629.wav,skinke,3
4214.wav,skinke,5
4361.wav,skinke,4
4658.wav,hjoerne,4
5515.wav,hjoerne,4
2853.wav,hjoerne,5
3987.wav,hjoerne,4
2689.wav,hjoerne,3
3556.wav,hjoerne,5
5665.wav,hjoerne,5
4521.wav,hjoerne,4
0139.wav,klar,4
3989.wav,klar,4
0235.wav,klar,4
9908.wav,klar,4
6511.wav,plante,4
1778.wav,plante,3
5865.wav,plante,4
9949.wav,plante,3
0168.wav,plante,5
3042.wav,plante,5
1732.wav,plante,5
2483.wav,plante,4
0753.wav,oere,4
9643.wav,oere,5
4649.wav,oere,5
8963.wav,oere,3
2140.wav,oere,5
4390.wav,oere,5
9074.wav,oere,3
1453.wav,oere,4
8211.wav,myr,4
0175.wav,myr,4
6137.wav,myr,4
3817.wav,myr,3
3938.wav,soet,5
4576.wav,soet,5
6723.wav,soet,4
8802.wav,soet,3
0582.wav,soet,5
9646.wav,soet,4
5182.wav,soet,4
8875.wav,soet,5
6075.wav,braa,5
8719.wav,braa,5
3220.wav,braa,4
8476.wav,sverd,4
3057.wav,sverd,3
8311.wav,sverd,4
1539.wav,sverd,3
2388.wav,oedelagt,4
0285.wav,oedelagt,5
9473.wav,oedelagt,4
4207.wav,oedelagt,5
1556.wav,oedelagt,4
7402.wav,oedelagt,5
0586.wav,oedelagt,3
1785.wav,oedelagt,3
3939.wav,hus,5
4413.wav,hus,4
3095.wav,hus,5
3719.wav,hus,3
7712.wav,hus,4
1605.wav,hus,5
1056.wav,hus,4
4420.wav,hus,3
7914.wav,plaster,5
3845.wav,plaster,4
9612.wav,plaster,5
0601.wav,plaster,4
2254.wav,plaster,3
9583.wav,plaster,3
0872.wav,plaster,5
7502.wav,plaster,4
8494.wav,skjema,5
6771.wav,skjema,5
7521.wav,skjema,4
6945.wav,skjema,4
5005.wav,skjema,4
7430.wav,skjema,4
2365.wav,skjema,5
3237.wav,skjema,4
7963.wav,bryter,5
4332.wav,bryter,5
0889.wav,bryter,4
7164.wav,bryter,5
0597.wav,bryter,4
6245.wav,bryter,5
0591.wav,bryter,4
0919.wav,bryter,3
7519.wav,kikkert,5
8889.wav,kikkert,3
1289.wav,kikkert,4
2396.wav,kikkert,4
3041.wav,kikkert,4
1320.wav,kikkert,5
8452.wav,kikkert,4
0160.wav,kikkert,4
1694.wav,bro,3
5255.wav,bro,5
4176.wav,bro,5
2182.wav,bro,5
0492.wav,bro,5
4005.wav,bro,5
9406.wav,bro,4
0760.wav,bro,5
4301.wav,synge,4
6951.wav,synge,4
1832.wav,synge,3
3157.wav,synge,4
5999.wav,synge,4
6210.wav,synge,5
6425.wav,synge,4
2959.wav,synge,5
2665.wav,flue,5
1156.wav,flue,5
3270.wav,flue,3
8370.wav,flue,3
8713.wav,flue,5
9134.wav,flue,5
5633.wav,flue,4
0892.wav,flue,4
2097.wav,staer,4
7741.wav,staer,4
5962.wav,staer,3
5573.wav,staer,4
2690.wav,syk,5
9666.wav,syk,3
7841.wav,syk,4
2398.wav,syk,4
3728.wav,syk,4
9928.wav,syk,4
9347.wav,syk,4
3969.wav,syk,4
5146.wav,hjerte,5
7245.wav,hjerte,4
9855.wav,hjerte,4
6664.wav,hjerte,5
5125.wav,hjerte,3
4888.wav,hjerte,4
2252.wav,hjerte,4
8467.wav,hjerte,4
3884.wav,flakse,5
4046.wav,flakse,5
6920.wav,flakse,3
6639.wav,flakse,3
4218.wav,flakse,5
9592.wav,flakse,4
3908.wav,flakse,5
8301.wav,flakse,3
5141.wav,sjiraff,4
3532.wav,sjiraff,3
9555.wav,sjiraff,5
4838.wav,sjiraff,5
2227.wav,sjiraff,4
5613.wav,sjiraff,4
3290.wav,sjiraff,5
8707.wav,sjiraff,3
9378.wav,soeppel,5
5424.wav,soeppel,5
1189.wav,soeppel,5
9265.wav,soeppel,4
7499.wav,soeppel,5
8195.wav,soeppel,5
8992.wav,soeppel,3
9429.wav,soeppel,3
5842.wav,sport,5
7754.wav,sport,5
9234.wav,sport,4
5716.wav,sport,5
7790.wav,sport,3
5881.wav,sport,3
5257.wav,sport,4
4339.wav,sport,3
5550.wav,stupe,4
8721.wav,stupe,4
5602.wav,stupe,4
3247.wav,stupe,5
5096.wav,stupe,3
7149.wav,stupe,5
0997.wav,stupe,4
2515.wav,fjorten,5
8760.wav,fjorten,4
2754.wav,fjorten,4
2889.wav,fjorten,3
3785.wav,fjorten,3
9103.wav,fjorten,5
5921.wav,fjorten,3
4606.wav,fjorten,4
2312.wav,smykke,5
1266.wav,smykke,5
6745.wav,smykke,3
2982.wav,smykke,4
5581.wav,smykke,4
3023.wav,smykke,4
0497.wav,smykke,5
9813.wav,smykke,4
7637.wav,soester,5
6707.wav,soester,3
0653.wav,soester,4
3888.wav,soester,4
7103.wav,soester,4
6663.wav,soester,5
3782.wav,soester,3
8047.wav,soester,5
6407.wav,trille,4
9628.wav,trille,4
5136.wav,trille,5
9196.wav,trille,3
3413.wav,fortid,5
5819.wav,fortid,5
2215.wav,fortid,5
9654.wav,fortid,4
4245.wav,fortid,3
9254.wav,fortid,4
5154.wav,fortid,4
3772.wav,fortid,4
4778.wav,klappe,3
6466.wav,klappe,4
3521.wav,klappe,3
0829.wav,klappe,4
0432.wav,klappe,3
3034.wav,klappe,5
1427.wav,klappe,5
5172.wav,klappe,5
7291.wav,noekkel,5
6017.wav,noekkel,5
5138.wav,noekkel,4
8931.wav,noekkel,4
4498.wav,noekkel,4
7907.wav,noekkel,4
0610.wav,noekkel,5
0771.wav,noekkel,5
7798.wav,soelv,5
1009.wav,soelv,5
3495.wav,soelv,3
9157.wav,soelv,5
7422.wav,soelv,5
0890.wav,soelv,4
2197.wav,soelv,3
2939.wav,soelv,4
5927.wav,trapp,4
3656.wav,trapp,4
1160.wav,trapp,4
4061.wav,trapp,5
6346.wav,trapp,5
3824.wav,trapp,5
3131.wav,trapp,4
5670.wav,trapp,5
5021.wav,krone,5
1847.wav,krone,4
5262.wav,krone,5
5654.wav,krone,4
0984.wav,krone,4
9339.wav,krone,5
2359.wav,krone,4
6823.wav,fort,4
4436.wav,fort,4
4195.wav,fort,4
6781.wav,fort,4
3109.wav,fort,4
9968.wav,fort,4
1624.wav,fort,4
5769.wav,fort,3
8564.wav,lyn,5
5233.wav,lyn,3
3189.wav,lyn,5
6330.wav,lyn,5
6671.wav,lyn,3
4029.wav,lyn,3
3016.wav,lyn,3
1964.wav,lyn,4
2674.wav,klaer,4
9594.wav,klaer,4
6833.wav,klaer,4
4829.wav,klaer,3
2437.wav,doer,5
4520.wav,doer,3
6816.wav,doer,5
6964.wav,doer,5
9610.wav,doer,4
8803.wav,doer,4
5939.wav,doer,5
1775.wav,doer,4
8733.wav,trykk,3
7876.wav,trykk,3
4939.wav,trykk,4
7687.wav,trykk,4
7951.wav,baer,5
2603.wav,baer,4
6731.wav,baer,3
9106.wav,baer,4
9137.wav,loeve,3
4335.wav,loeve,4
3026.wav,loeve,4
5506.wav,loeve,3
5876.wav,loeve,5
2478.wav,loeve,4
0424.wav,loeve,4
2664.wav,loeve,4
4130.wav,fjaer,3
1588.wav,fjaer,4
8174.wav,fjaer,4
9246.wav,fjaer,4
4365.wav,sylte,4
5867.wav,sylte,3
0100.wav,sylte,4
6141.wav,sylte,3
0239.wav,laerer,4
9886.wav,laerer,4
6549.wav,laerer,4
8696.wav,laerer,3
3554.wav,skjerm,4
9802.wav,skjerm,5
8315.wav,skjerm,4
7578.wav,skjerm,5
2788.wav,skjerm,5
2459.wav,skjerm,5
7950.wav,skjerm,3
3866.wav,skjerm,3
1048.wav,svart,4
2662.wav,svart,4
8629.wav,svart,5
6588.wav,svart,5
6891.wav,svart,5
4377.wav,svart,5
4013.wav,svart,3
0275.wav,svart,5
1224.wav,blaa,5
5771.wav,blaa,4
2139.wav,blaa,4
6859.wav,blaa,5
5077.wav,blaa,5
4090.wav,blaa,4
3536.wav,blaa,5
1359.wav,blaa,5
6530.wav,trylle,5
6540.wav,trylle,4
0191.wav,trylle,3
9322.wav,trylle,4
0189.wav,trylle,4
1441.wav,trylle,5
9662.wav,trylle,4
6331.wav,trylle,5
4604.wav,blomst,4
1867.wav,blomst,3
2203.wav,blomst,5
2988.wav,blomst,3
6241.wav,blomst,4
2404.wav,blomst,3
4087.wav,blomst,4
4442.wav,blomst,5
6697.wav,froe,5
5476.wav,froe,4
3258.wav,froe,4
5164.wav,froe,3
7358.wav,froe,4
0328.wav,froe,5
7933.wav,froe,4
9971.wav,froe,5
4999.wav,krakk,4
9004.wav,krakk,4
3255.wav,krakk,4
6566.wav,krakk,5
2535.wav,krakk,5
4501.wav,krakk,5
0365.wav,krakk,5
1220.wav,krakk,5
6079.wav,gul,4
8836.wav,gul,3
5652.wav,gul,4
7673.wav,gul,5
2400.wav,gul,5
6116.wav,gul,5
9313.wav,gul,3
4182.wav,gul,5
1888.wav,knar,4
8384.wav,knar,5
0345.wav,knar,4
6993.wav,knar,3
8230.wav,smerte,5
5396.wav,smerte,4
3763.wav,smerte,4
4481.wav,smerte,4
4925.wav,smerte,3
4407.wav,smerte,4
0930.wav,smerte,5
5610.wav,grave,4
8368.wav,grave,5
3027.wav,grave,5
0447.wav,grave,4
3563.wav,grave,4
8365.wav,grave,3
6316.wav,grave,3
3272.wav,grave,4
0315.wav,vindu,3
6478.wav,vindu,4
7713.wav,vindu,4
5460.wav,vindu,3
5513.wav,vindu,5
0332.wav,vindu,5
3486.wav,vindu,5
6923.wav,vindu,5
3903.wav,garn,5
6391.wav,garn,4
3117.wav,garn,4
3558.wav,garn,5
7609.wav,garn,4
1944.wav,garn,4
4336.wav,garn,3
4021.wav,garn,5
9121.wav,mus,4
6939.wav,mus,4
4960.wav,mus,5
1480.wav,mus,4
4783.wav,mus,5
2240.wav,mus,4
7598.wav,mus,4
5069.wav,mus,5
9085.wav,skilpadde,4
8702.wav,skilpadde,4
8521.wav,skilpadde,3
5410.wav,skilpadde,5
3679.wav,skilpadde,5
3904.wav,skilpadde,4
3831.wav,skilpadde,3
8542.wav,skilpadde,4
3540.wav,svaere,4
6738.wav,svaere,4
4086.wav,svaere,4
5246.wav,svaere,4
2727.wav,turn,3
2973.wav,turn,3
9872.wav,turn,5
5314.wav,turn,5
9071.wav,turn,5
7303.wav,turn,4
8968.wav,turn,3
0075.wav,turn,3
2134.wav,hytte,4
8502.wav,hytte,5
4602.wav,hytte,5
9417.wav,hytte,5
8778.wav,hytte,5
7312.wav,hytte,3
9037.wav,hytte,3
7068.wav,ski,5
6215.wav,ski,4
7688.wav,ski,5
0054.wav,ski,5
7455.wav,ski,4
9489.wav,ski,3
8346.wav,ski,4
9788.wav,ski,4
8021.wav,pluss,5
8404.wav,pluss,4
4044.wav,pluss,5
7395.wav,pluss,3
5706.wav,pluss,4
7229.wav,pluss,3
2598.wav,pluss,3
7483.wav,pluss,4
6112.wav,tjern,4
2066.wav,tjern,4
8134.wav,tjern,3
3024.wav,tjern,4
4618.wav,tjern,5
1112.wav,tjern,3
0044.wav,tjern,5
2245.wav,tjern,5
7184.wav,gutt,5
2563.wav,gutt,3
4904.wav,gutt,4
9185.wav,gutt,4
4259.wav,gutt,5
0387.wav,gutt,4
6509.wav,gutt,4
0857.wav,gutt,5
9333.wav,fugl,5
3113.wav,fugl,3
1911.wav,fugl,3
0162.wav,fugl,4
9553.wav,fugl,4
8966.wav,fugl,4
0363.wav,fugl,4
6349.wav,fugl,5
5701.wav,glis,3
6191.wav,glis,5
2411.wav,glis,3
2711.wav,glis,3
4093.wav,tynn,5
6631.wav,tynn,3
3789.wav,tynn,3
3569.wav,tynn,3
8049.wav,tynn,4
5776.wav,tynn,4
8683.wav,tynn,5
4674.wav,tynn,4
8157.wav,snoerr,3
7645.wav,snoerr,5
8258.wav,snoerr,4
5737.wav,snoerr,5
6062.wav,snoerr,4
4584.wav,snoerr,5
0340.wav,snoerr,4
3029.wav,snoerr,5
0532.wav,gartner,4
9505.wav,gartner,4
9396.wav,gartner,3
2524.wav,gartner,5
3073.wav,gartner,5
9600.wav,gartner,3
9400.wav,gartner,4
8591.wav,boerste,5
4284.wav,boerste,5
4205.wav,boerste,4
1227.wav,boerste,4
7158.wav,boerste,4
8747.wav,boerste,5
6896.wav,boerste,4
6980.wav,boerste,5
3285.wav,flaske,5
4150.wav,flaske,5
6029.wav,flaske,4
9392.wav,flaske,5
7109.wav,flaske,3
7143.wav,flaske,3
6174.wav,flaske,5
2891.wav,flaske,4
3200.wav,bjoern,5
2059.wav,bjoern,5
0476.wav,bjoern,5
5242.wav,bjoern,4
3414.wav,bjoern,4
2212.wav,bjoern,4
5723.wav,bjoern,3
1128.wav,bjoern,3
3408.wav,hjerne,3
1074.wav,hjerne,3
7185.wav,hjerne,4
9960.wav,hjerne,4
7214.wav,hjerne,3
9607.wav,hjerne,5
8522.wav,hjerne,5
5606.wav,hjerne,5
5201.wav,sulte,5
3749.wav,sulte,5
2771.wav,sulte,4
6355.wav,sulte,3
5161.wav,skulder,4
0880.wav,skulder,4
4489.wav,skulder,4
6776.wav,skulder,5
8654.wav,skulder,5
6561.wav,skulder,3
2293.wav,skulder,5
0099.wav,blyant,4
4757.wav,blyant,4
8248.wav,blyant,4
3053.wav,blyant,4
4709.wav,blyant,4
8333.wav,blyant,5
8135.wav,blyant,4
0803.wav,blyant,5
3323.wav,kort,5
2405.wav,kort,3
2858.wav,kort,4
9622.wav,kort,4
6546.wav,kort,3
3628.wav,kort,4
7310.wav,kort,4
1380.wav,kort,5
2781.wav,fortau,4
3441.wav,fortau,5
1135.wav,fortau,4
8227.wav,fortau,4
3642.wav,fortau,4
8576.wav,fortau,4
2462.wav,fortau,3
4590.wav,fortau,5
2033.wav,smoer,3
7160.wav,smoer,5
0094.wav,smoer,5
0740.wav,smoer,4
7388.wav,smoer,4
2350.wav,smoer,4
8568.wav,smoer,4
8296.wav,groenn,4
4611.wav,groenn,5
1205.wav,groenn,4
8123.wav,groenn,4
7396.wav,groenn,4
7484.wav,groenn,4
4810.wav,groenn,3
9887.wav,groenn,5
7710.wav,sil,4
4023.wav,sil,4
9220.wav,sil,3
0088.wav,sil,3
8540.wav,by,5
1826.wav,by,4
4885.wav,by,5
6727.wav,by,3
9675.wav,by,5
8609.wav,by,5
3078.wav,by,3
4329.wav,by,3
7500.wav,glitter,5
4131.wav,glitter,5
4831.wav,glitter,4
4067.wav,glitter,5
3604.wav,glitter,5
7772.wav,glitter,5
0743.wav,glitter,3
5395.wav,glitter,4
9832.wav,troll,4
8862.wav,troll,5
8373.wav,troll,4
1776.wav,troll,3
6774.wav,troll,5
6489.wav,troll,4
8206.wav,troll,5
7874.wav,troll,4
6414.wav,fly,4
5426.wav,fly,3
2918.wav,fly,4
8260.wav,fly,3
8159.wav,fly,5
2015.wav,fly,5
0587.wav,fly,5
3474.wav,fly,3
8988.wav,planke,3
3891.wav,planke,4
8592.wav,planke,5
0058.wav,planke,3
4752.wav,planke,4
0901.wav,planke,4
6396.wav,planke,4
9032.wav,planke,5
0788.wav,lys,4
4383.wav,lys,4
5811.wav,lys,5
8750.wav,lys,3
4003.wav,lys,4
2522.wav,lys,5
3890.wav,lys,5
4499.wav,lys,4
0240.wav,svoemme,3
9469.wav,svoemme,4
9574.wav,svoemme,5
7378.wav,svoemme,5
9051.wav,svoemme,4
3801.wav,svoemme,4
2624.wav,svoemme,5
1444.wav,svoemme,4
7332.wav,skitten,3
1758.wav,skitten,3
3513.wav,skitten,5
6515.wav,skitten,3
0958.wav,skitten,4
4859.wav,skitten,5
4478.wav,skitten,5
4449.wav,skitten,5
8223.wav,taarn,5
9794.wav,taarn,4
2336.wav,taarn,3
0605.wav,taarn,5
5371.wav,taarn,4
3449.wav,taarn,4
1897.wav,taarn,3
2923.wav,taarn,3
1184.wav,briller,3
1639.wav,briller,5
1137.wav,briller,5
2136.wav,briller,4
5345.wav,briller,5
8430.wav,briller,4
9053.wav,briller,4
6133.wav,briller,3
1983.wav,klem,4
2512.wav,klem,4
0661.wav,klem,5
3051.wav,klem,5
7293.wav,klem,4
6696.wav,klem,4
7526.wav,klem,3
0832.wav,klem,5
3848.wav,munn,3
8053.wav,munn,4
2529.wav,munn,5
4490.wav,munn,4
3779.wav,munn,5
2472.wav,munn,3
6655.wav,munn,3
5414.wav,munn,3
8295.wav,lue,5
0081.wav,lue,5
1874.wav,lue,4
9050.wav,lue,4
0566.wav,lue,4
3597.wav,lue,5
4798.wav,lue,5
7690.wav,lue,3
2363.wav,ekorn,5
2319.wav,ekorn,3
5245.wav,ekorn,5
6238.wav,ekorn,3
6518.wav,ekorn,5
5766.wav,ekorn,4
3431.wav,ekorn,4
8405.wav,ekorn,3
0558.wav,skip,5
6674.wav,skip,5
3825.wav,skip,4
8110.wav,skip,4
4928.wav,skip,3
5094.wav,skip,4
3885.wav,skip,4
5264.wav,skip,5
5151.wav,ryke,4
8628.wav,ryke,3
1914.wav,ryke,4
0068.wav,ryke,4
9598.wav,kropp,4
6869.wav,kropp,4
0133.wav,kropp,5
7106.wav,kropp,5
3603.wav,kropp,5
0911.wav,kropp,4
5050.wav,kropp,4
9982.wav,kropp,4
3279.wav,krabbe,5
3778.wav,krabbe,5
9284.wav,krabbe,3
0469.wav,krabbe,3
0791.wav,krabbe,4
5218.wav,krabbe,4
0786.wav,krabbe,4
1073.wav,krabbe,5
3503.wav,tar,4
2900.wav,tar,4
5629.wav,tar,4
1015.wav,tar,4
0255.wav,buss,4
5386.wav,buss,4
9159.wav,buss,5
4986.wav,buss,5
3153.wav,buss,5
9280.wav,buss,5
8506.wav,buss,5
5173.wav,buss,3
2144.wav,tre,4
1058.wav,tre,4
8130.wav,tre,4
4736.wav,tre,3
0087.wav,tre,5
5905.wav,tre,4
1981.wav,tre,3
3198.wav,tre,5
3698.wav,skjerf,3
7489.wav,skjerf,4
0339.wav,skjerf,4
2113.wav,skjerf,3
0865.wav,skjerf,4
0556.wav,skjerf,4
1855.wav,skjerf,5
4068.wav,skjerf,4
5821.wav,start,4
0350.wav,start,4
5303.wav,start,3
7619.wav,start,3
1540.wav,start,4
8165.wav,start,5
7014.wav,start,4
1169.wav,start,5
3103.wav,port,4
4271.wav,port,3
9650.wav,port,5
5936.wav,port,4
5599.wav,port,5
4066.wav,port,5
1019.wav,port,3
7100.wav,port,3
2261.wav,fregner,3
8137.wav,fregner,5
8204.wav,fregner,4
2873.wav,fregner,4
2147.wav,fregner,5
1066.wav,fregner,5
4028.wav,fregner,4
1627.wav,fregner,4
8141.wav,horn,4
1650.wav,horn,3
7782.wav,horn,5
2501.wav,horn,5
5836.wav,horn,3
3195.wav,horn,5
7129.wav,horn,4
3608.wav,myk,3
7333.wav,myk,4
4234.wav,myk,3
0779.wav,myk,3
4833.wav,ni,3
1784.wav,ni,3
8924.wav,ni,3
7538.wav,ni,4
1895.wav,brun,3
3625.wav,brun,4
4123.wav,brun,5
2287.wav,brun,5
5900.wav,brun,4
6072.wav,brun,5
6677.wav,brun,3
0140.wav,brun,4
4063.wav,broed,4
9889.wav,broed,5
1065.wav,broed,4
4836.wav,broed,5
2275.wav,broed,4
4817.wav,broed,3
8001.wav,broed,3
9226.wav,broed,3
5145.wav,bygge,3
9252.wav,bygge,4
9425.wav,bygge,3
5710.wav,bygge,5
5734.wav,bygge,4
9307.wav,bygge,5
3984.wav,bygge,5
7475.wav,bygge,4
8700.wav,skoeyter,4
5820.wav,skoeyter,4
4395.wav,skoeyter,5
2102.wav,skoeyter,5
2638.wav,skoeyter,3
9367.wav,skoeyter,4
3731.wav,skoeyter,4
3047.wav,skoeyter,4
2418.wav,blokk,5
3019.wav,blokk,5
7180.wav,blokk,4
5148.wav,blokk,5
4738.wav,blokk,5
9040.wav,blokk,3
9727.wav,blokk,3
6766.wav,blokk,4
7468.wav,roed,3
6645.wav,roed,4
2938.wav,roed,5
1997.wav,roed,5
2998.wav,roed,4
1902.wav,roed,5
7627.wav,roed,3
5485.wav,roed,3
7543.wav,drue,4
2885.wav,drue,5
5441.wav,drue,3
0577.wav,drue,3
7203.wav,drue,3
0606.wav,drue,4
4516.wav,drue,4
8279.wav,drue,5
2079.wav,klo,5
6861.wav,klo,4
4155.wav,klo,4
1265.wav,klo,4
4723.wav,klo,3
9466.wav,klo,4
8038.wav,klo,3
6855.wav,flette,5
4744.wav,flette,3
5758.wav,flette,4
0696.wav,flette,4
2566.wav,flette,4
8534.wav,flette,5
1134.wav,flette,4
4391.wav,pute,3
3487.wav,pute,4
9821.wav,pute,4
1523.wav,pute,5
6659.wav,pute,5
4976.wav,pute,5
1307.wav,pute,4
6182.wav,pute,3
7338.wav,paere,5
9269.wav,paere,4
5185.wav,paere,4
2717.wav,paere,4
9629.wav,gloer,3
1110.wav,gloer,3
5391.wav,gloer,4
7525.wav,gloer,5
9678.wav,gloer,5
9458.wav,gloer,3
0719.wav,gloer,5
2905.wav,gloer,3
2192.wav,premie,5
6503.wav,premie,5
2100.wav,premie,5
4892.wav,premie,4
1591.wav,premie,4
8776.wav,premie,3
4314.wav,premie,4
2471.wav,premie,4
7512.wav,kran,4
6197.wav,kran,4
4238.wav,kran,4
2172.wav,kran,4
6675.wav,kran,5
3287.wav,kran,5
6706.wav,kran,4
3894.wav,kran,5
3251.wav,ku,3
5256.wav,ku,5
4110.wav,ku,4
2435.wav,ku,5
3006.wav,ku,4
1101.wav,ku,4
3691.wav,ku,4
8524.wav,ku,4
7311.wav,ny,4
5948.wav,ny,4
8109.wav,ny,4
6758.wav,ny,4
0704.wav,skjoert,4
7010.wav,skjoert,4
3152.wav,skjoert,5
3375.wav,skjoert,4
8795.wav,skjoert,4
9445.wav,skjoert,5
6211.wav,skjoert,5
4457.wav,glorie,4
1526.wav,glorie,4
1190.wav,glorie,5
8216.wav,glorie,4
6996.wav,glorie,4
1345.wav,glorie,3
7674.wav,glorie,3
7917.wav,glorie,5
5785.wav,sky,5
3067.wav,sky,5
3676.wav,sky,5
3183.wav,sky,4
8553.wav,sky,4
4487.wav,sky,4
2596.wav,sky,4
0624.wav,sky,4
2429.wav,koe,5
8168.wav,koe,5
3678.wav,koe,3
1363.wav,koe,5
2395.wav,koe,4
5786.wav,koe,4
2526.wav,koe,4
0682.wav,koe,4
8606.wav,sju,4
6784.wav,sju,5
1770.wav,sju,5
5434.wav,sju,5
8977.wav,sju,5
4802.wav,sju,4
4673.wav,sju,3
4597.wav,sju,5
8379.wav,skjaere,4
2716.wav,skjaere,4
4058.wav,skjaere,4
1552.wav,skjaere,4
9013.wav,skjaere,4
3520.wav,skjaere,4
8255.wav,skjaere,4
2616.wav,skjaere,4
9673.wav,hjort,3
0518.wav,hjort,4
1798.wav,hjort,3
7074.wav,hjort,5
7929.wav,hjort,5
0190.wav,hjort,4
0685.wav,hjort,5
2556.wav,hjort,5
8454.wav,plystre,4
5984.wav,plystre,4
2528.wav,plystre,5
1724.wav,plystre,3
7159.wav,plystre,4
0174.wav,plystre,5
9287.wav,plystre,4
1200.wav,knaer,4
0551.wav,knaer,3
6930.wav,knaer,4
1574.wav,knaer,3
7910.wav,jus,4
0356.wav,jus,5
1608.wav,jus,4
5989.wav,jus,3
3995.wav,jus,5
4675.wav,jus,4
9848.wav,jus,5
7271.wav,internett,3
8203.wav,internett,5
1573.wav,internett,4
9356.wav,internett,4
8253.wav,internett,5
0300.wav,internett,5
5514.wav,internett,5
7936.wav,internett,3
4910.wav,bar,4
2948.wav,bar,4
2322.wav,bar,3
3611.wav,bar,4
6722.wav,kvart,4
4070.wav,kvart,5
5498.wav,kvart,5
6180.wav,kvart,5
1695.wav,kvart,3
5526.wav,kvart,4
9219.wav,kvart,4
2962.wav,karneval,3
6459.wav,karneval,4
3615.wav,karneval,3
6368.wav,karneval,5
8319.wav,karneval,5
8180.wav,karneval,5
5539.wav,karneval,4
3062.wav,karneval,4
7859.wav,erter,4
9791.wav,erter,4
6126.wav,erter,4
5103.wav,erter,5
9652.wav,erter,3
5620.wav,erter,4
5689.wav,erter,5
9487.wav,drikke,4
0115.wav,drikke,4
2241.wav,drikke,4
5889.wav,drikke,3
4350.wav,drikke,5
1511.wav,drikke,4
7833.wav,drikke,4
3764.wav,drikke,5
0346.wav,rike,3
6635.wav,rike,4
9410.wav,rike,4
7415.wav,rike,4
3357.wav,torne,3
6656.wav,torne,5
7721.wav,torne,4
2368.wav,torne,4
4288.wav,torne,5
5491.wav,torne,3
4719.wav,torne,5
6970.wav,torne,5
7054.wav,blad,4
6146.wav,blad,5
4850.wav,blad,4
3206.wav,blad,5
8498.wav,blad,4
5578.wav,blad,4
2778.wav,blad,5
0439.wav,blad,5
3933.wav,sur,4
6469.wav,sur,4
3686.wav,sur,4
9840.wav,sur,4
6559.wav,soele,4
3549.wav,soele,3
9328.wav,soele,4
7147.wav,soele,5
6860.wav,soele,4
6388.wav,soele,4
9870.wav,soele,4
5378.wav,soele,4
2630.wav,graa,5
5532.wav,graa,5
0847.wav,graa,4
9943.wav,graa,5
3121.wav,graa,3
7432.wav,graa,4
6688.wav,graa,4
1268.wav,graa,4
6381.wav,snoe,5
5931.wav,snoe,4
1703.wav,snoe,4
1310.wav,snoe,5
1350.wav,snoe,3
5466.wav,snoe,3
9705.wav,snoe,3
7353.wav,snoe,4
9027.wav,hund,4
4275.wav,hund,5
5015.wav,hund,5
9199.wav,hund,5
5157.wav,hund,4
5914.wav,hund,4
1335.wav,hund,4
2077.wav,hund,3
4105.wav,vaer,3
5030.wav,vaer,4
5835.wav,vaer,4
4454.wav,vaer,4
8142.wav,gris,5
0257.wav,gris,4
9206.wav,gris,3
2544.wav,gris,5
9401.wav,gris,4
0223.wav,gris,4
4668.wav,gris,5
2061.wav,krykke,5
2507.wav,krykke,3
5397.wav,krykke,4
4106.wav,krykke,5
8458.wav,krykke,3
8671.wav,krykke,3
3393.wav,krykke,5
0561.wav,krykke,4
4722.wav,blod,4
0242.wav,blod,3
6432.wav,blod,4
6630.wav,blod,3
0656.wav,klone,3
2458.wav,klone,3
7495.wav,klone,3
8967.wav,klone,3
8420.wav,korn,5
2008.wav,korn,5
6269.wav,korn,3
7355.wav,korn,4
5651.wav,korn,4
5352.wav,korn,3
2477.wav,korn,5
4261.wav,bart,5
1290.wav,bart,4
7879.wav,bart,4
9080.wav,bart,5
0207.wav,bart,4
5057.wav,bart,4
2171.wav,bart,4
6481.wav,bart,4
5362.wav,frakk,4
8956.wav,frakk,5
5880.wav,frakk,4
1995.wav,frakk,5
7016.wav,frakk,5
6793.wav,frakk,3
0271.wav,frakk,4
4276.wav,frakk,5
7219.wav,kjerne,5
1185.wav,kjerne,4
3931.wav,kjerne,4
8468.wav,kjerne,4
4936.wav,kjerne,4
4116.wav,kjerne,4
3303.wav,kjerne,3
3076.wav,kjerne,4
5290.wav,terning,4
5562.wav,terning,4
1043.wav,terning,5
4356.wav,terning,4
5524.wav,terning,3
7793.wav,terning,5
9929.wav,terning,4
2840.wav,terning,3
6382.wav,kurv,3
8060.wav,kurv,4
5178.wav,kurv,5
2756.wav,kurv,5
3714.wav,kurv,5
6473.wav,kurv,3
0165.wav,kurv,3
7725.wav,kurv,4
7744.wav,stoevel,4
7666.wav,stoevel,5
2573.wav,stoevel,4
6091.wav,stoevel,4
2202.wav,stoevel,5
8686.wav,stoevel,5
3211.wav,stoevel,4
7284.wav,prins,3
2559.wav,prins,4
1875.wav,prins,5
7569.wav,prins,5
7357.wav,prins,4
3336.wav,prins,5
4537.wav,prins,5
3342.wav,glad,5
8670.wav,glad,4
4064.wav,glad,3
2163.wav,glad,3
9634.wav,glad,4
0336.wav,glad,4
3013.wav,glad,3
2051.wav,glad,5
5934.wav,smart,4
7439.wav,smart,5
3063.wav,smart,5
6047.wav,smart,5
4804.wav,smart,4
0481.wav,smart,4
1152.wav,smart,4
8136.wav,smart,4
